{
    "g": 9.81,
    "P_design": 8.4,
    "P_min": 0,
    "P_test": 0,
    "ref_el_design_pressure": 0,
    "ref_el_min_pressure": 0,
    "ref_el_test_pressure": 0,
    "OD": 1025.6,
    "D": 1025.6,
    "t": 28.6,
    "t_cor": 9,
    "t_fab": 1,
    "t_bendthin": 1,
    "alpha_fab": 0.85,
    "alpha_gw": 0,
    "fo": 0.005,
    "SMYS": 450.0,
    "SMTS": 535.0,
    "fytemp": 9,
    "futemp": 9,
    "E": 207000000000.0,
    "nu": 0.3,
    "rho_design": 98,
    "rho_test": 1005,
    "rho_min": 78,
    "rho_ext": 1005,
    "water_depth": 10,
    "max_elevation": 0.5,
    "min_elevation": -0.5,
    "rho_int": 1005,
    "ref_el_pressure": 0,
    "ANALYSIS": {
        "Pressure containment": {
            "operational": {
                "limit_state": "Pressure containment",
                "condition": "operational",
                "alpha_U": 0.96,
                "fytemp": 9,
                "futemp": 9,
                "t_cor": 9,
                "t_code": 18.6,
                "gamma_inc": 1.1,
                "gamma_m": 1.15,
                "gamma_sc": 1.308,
                "SMYS": 450.0,
                "SMTS": 535.0,
                "fy": 423.35999999999996,
                "fu": 504.96,
                "fcb": 423.35999999999996,
                "p_b": 18.058956843426543,
                "Pld": 8.4096138,
                "Pe": 0.09366097500000001,
                "Pl_it": 9.250575180000002,
                "Pl_it_Pe": 9.156914205000001,
                "min_wt": 24.25235338250412,
                "Utility": 0.7627146167180013
            },
            "system test": {
                "limit_state": "Pressure containment",
                "condition": "system test",
                "alpha_U": 0.96,
                "fytemp": 9,
                "futemp": 9,
                "t_cor": 9,
                "t_code": 18.6,
                "gamma_inc": 1.1,
                "gamma_m": 1.15,
                "gamma_sc": 1.046,
                "SMYS": 450.0,
                "SMTS": 535.0,
                "fy": 423.35999999999996,
                "fu": 504.96,
                "fcb": 450.0,
                "p_b": 19.195319774050326,
                "Pld": 8.4985905,
                "Pe": 0.09366097500000001,
                "Pl_it": 9.815872027500003,
                "Pl_it_Pe": 9.722211052500002,
                "min_wt": 21.416827572034315,
                "Utility": 0.6092551628580956
            }
        }
    }
}